,1996年,1997年,1998年,1999年,2000年,2001年,2002年,2003年,2004年,2005年,2006年,2007年,2008年,2009年,2010年,2011年,2012年,2013年,2014年,2015年
1月1日,2313,2377,2201,2372,2547,2409,2302,2263,2118,2139,2018,2042,1950,1910,1964,2012,1877,1902,1873,1777
1月2日,2320,2431,2373,2362,2454,2334,2341,2307,2245,2046,2022,2107,2067,1922,2069,1961,1989,1837,1883,1800
1月3日,2481,2507,2525,2560,2603,2591,2426,2388,2329,2184,2210,2316,2163,2221,2155,2090,2038,1991,1948,1946
1月4日,3093,2919,2576,3049,3207,3308,3176,2720,2363,2956,2934,3082,3187,2222,2877,2959,3019,3095,2430,2132
1月5日,3707,2793,3246,3811,3836,3942,3248,2626,3219,3697,3548,3810,2851,3150,3614,3548,3722,2723,2193,3134
1月6日,3157,3431,3901,3723,3857,3172,2721,3381,3766,3482,3454,2817,2311,3646,3439,3358,3543,2186,3156,3516
1月7日,2592,3793,3566,3421,3698,2525,3427,3564,3582,3390,2651,2448,3299,3468,3463,3396,2505,3179,3390,3268
1月8日,3563,3508,3491,3503,2911,2541,3767,3541,3389,2642,2338,2215,3505,3388,3351,2396,2033,3280,3112,3047
1月9日,3576,3216,3240,2684,2617,3479,3328,3280,3194,2247,2203,3251,3197,3318,2540,2144,2178,3072,2966,3119
1月10日,3304,3489,2785,2481,2650,3715,3302,3340,2732,2424,3185,3448,3232,2547,2176,2153,3152,3101,3058,2347
1月11日,3382,2963,2583,3802,3581,3494,3589,2879,2333,3304,3483,3317,3485,2173,2244,3299,3486,3142,2309,2056
1月12日,3598,2608,3411,3733,3984,3436,3016,2496,2524,3610,3295,3322,2585,2254,3232,3416,3212,2408,1999,2019
1月13日,2862,3513,3905,3686,3560,2912,2510,2503,3178,3296,3094,2655,2250,3243,3451,3290,3064,2031,2022,3072
1月14日,2514,3840,3670,3566,3506,2575,2516,3240,3509,3322,2561,2319,2256,3493,3302,3156,2424,2089,3086,3360
1月15日,2728,2762,2652,2702,3058,3367,3497,3688,3557,2689,2384,3160,3183,3478,3453,2554,2139,3226,3323,3241
1月16日,3615,3436,3526,2986,2542,3517,3655,3456,3354,2356,3171,3301,3531,3231,2484,2204,3104,3205,3136,3190
1月17日,3642,3632,3078,2752,3340,3410,3402,3433,2723,3255,3390,3252,3422,2602,2241,3050,3380,3243,3078,2287
1月18日,3491,2995,2730,3594,3794,3501,3558,2753,2464,3525,3274,3125,3193,2315,3122,3209,3168,3164,2317,2092
1月19日,3395,2735,3569,3842,3531,3546,2890,2554,3253,3246,3273,3177,2663,3322,3283,3137,2964,2417,1941,2939
1月20日,3050,3636,3805,3681,3631,3065,2653,3508,3413,3299,3299,2646,2374,3356,3288,3161,3171,2074,2919,3282
1月21日,2691,3829,3711,3685,3664,2660,3537,3685,3500,3350,2770,2483,3256,3474,3368,3271,2567,3097,3108,3136
1月22日,3609,3472,3514,3391,3036,3572,3678,3452,3446,2714,2400,3268,3542,3374,3357,2550,2185,3317,3142,2988
1月23日,3722,3552,3544,2945,2794,3700,3503,3467,3390,2389,3330,3502,3423,3229,2640,2302,3173,3265,3047,3172
1月24日,3466,3476,3095,2693,3554,3531,3489,3452,2685,3320,3424,3297,3269,2689,2305,3183,3281,3069,3007,2316
1月25日,3421,3034,2743,3585,3787,3496,3484,2798,2459,3508,3309,3326,3325,2349,3113,3494,3116,3048,2300,2026
1月26日,3404,2809,3496,3819,3638,3554,2996,2644,3367,3326,3296,3308,2738,3208,3523,3261,3053,2397,1965,3062
1月27日,2930,3505,3775,3601,3546,2939,2650,3359,3569,3324,3180,2689,2387,3382,3256,3146,3139,2146,2979,3162
1月28日,2627,3751,3463,3446,3483,2719,3510,3526,3347,3346,2678,2379,3251,3336,3176,3140,2559,3052,3136,3083
1月29日,3480,3546,3370,3408,2940,3413,3589,3381,3240,2710,2380,3116,3308,3101,3194,2488,2158,3160,2905,2946
1月30日,3646,3351,3473,2838,2647,3763,3372,3390,3251,2475,3135,3503,3207,3312,2572,2203,3054,3039,3001,2853
1月31日,3458,3185,2911,2628,3355,3461,3275,3250,2672,3271,3288,3204,3265,2607,2325,2961,3227,2898,2843,2372
2月1日,3509,2887,2578,3477,3711,3484,3416,2788,2389,3385,3313,3285,3292,2268,3150,3293,3107,3017,2288,2068
2月2日,3474,2515,3500,3842,3657,3341,2914,2521,3243,3290,3299,3240,2574,3194,3596,3323,3303,2361,2013,3017
2月3日,2901,3422,3702,3429,3533,2907,2534,3233,3480,3199,3243,2663,2315,3414,3210,3134,2971,2007,2864,3147
2月4日,2598,3579,3521,3424,3357,2525,3303,3330,3413,3103,2549,2240,2966,3124,3050,3074,2345,2887,3032,2891
2月5日,3394,3446,3370,3346,2951,3361,3582,3311,3153,2651,2220,3235,3379,3226,3064,2474,2090,3162,2922,2902
2月6日,3659,3327,3386,2936,2622,3712,3443,3315,3177,2257,3198,3332,3325,3145,2508,2086,2992,3033,2800,3049
2月7日,3437,3451,2948,2569,3471,3484,3325,3295,2660,3099,3315,3201,3307,2389,2144,3138,3254,3130,3043,2204
2月8日,3431,2820,2627,3457,3701,3418,3525,2642,2404,3275,3330,3202,3205,2235,3121,3337,3108,3129,2204,1933
2月9日,3447,2574,3413,3471,3708,3396,2821,2374,3305,3118,3191,3178,2518,3079,3343,3206,3010,2242,2013,2923
2月10日,2895,3470,3837,3665,3475,2759,2571,3252,3645,3276,3141,2570,2270,3428,3485,3347,3005,2063,2831,3275
2月11日,2554,2690,2633,2653,2685,2478,2526,2516,2440,2369,2353,2219,2249,2302,2234,2234,2105,2065,2088,2123
2月12日,2698,3388,3358,3414,2934,2438,3404,3226,3221,2505,2209,2203,3199,3140,3185,2390,2082,3014,2980,3031
2月13日,3377,3419,3459,2910,2557,3444,3609,3401,3260,2267,2983,3098,3315,3192,2518,2156,2878,3158,3046,3062
2月14日,3690,3367,2870,2624,3484,3515,3439,3360,2701,3057,3461,3399,3361,2544,2134,3052,3319,3108,2870,2374
2月15日,3469,2818,2522,3321,3671,3317,3357,2584,2431,3290,3225,3301,3140,2179,3049,3306,3086,3015,2215,1957
2月16日,3399,2505,3343,3595,3437,3363,2835,2377,3211,3095,3039,3045,2565,2979,3184,3141,3049,2243,1906,2958
2月17日,2640,3174,3657,3450,3265,2773,2520,3052,3455,3100,3094,2507,2106,3314,3170,2972,2992,1945,2841,3011
2月18日,2507,3535,3350,3371,3242,2554,3350,3420,3257,3012,2480,2170,3030,3064,3164,3039,2354,2893,3090,3052
2月19日,3456,3188,3112,3290,2696,3299,3474,3150,3098,2490,2269,3023,3260,2996,3031,2274,2043,3137,2791,2957
2月20日,3478,3317,3360,2742,2549,3410,3449,3278,3343,2265,3000,3275,3287,3091,2499,2085,3002,3048,2896,3068
2月21日,3329,3311,2901,2443,3371,3389,3329,3108,2665,3012,3291,3055,3143,2421,2206,2969,3153,2916,2800,2215
2月22日,3363,2819,2548,3332,3877,3265,3595,2582,2388,3270,3240,3236,3251,2190,3329,3403,3185,3251,2200,1949
2月23日,3365,2452,3350,3688,3445,3323,2733,2389,3074,2993,3145,3189,2558,3110,3226,3058,2954,2308,1932,3050
2月24日,2976,3369,3484,3477,3236,2733,2449,3236,3401,2994,3069,2484,2095,3305,3110,2923,2970,1983,2705,3040
2月25日,2605,3645,3374,3167,3348,2464,3183,3403,3204,2939,2601,2121,2962,3128,3077,3045,2340,2874,3010,2927
2月26日,3419,3354,3149,3331,2762,3319,3502,3271,3065,2423,2290,3022,3259,3042,3041,2358,2003,3135,2885,2744
2月27日,3588,3196,3345,2897,2602,3301,3258,3165,3261,2185,3078,3165,3298,2994,2393,2009,3028,3015,2789,2915
2月28日,3492,3332,2862,2540,3416,3229,3304,3133,2540,2956,3225,3136,3178,2431,2113,2929,3172,2927,2843,2147
2月29日,2514,-,-,-,2920,-,-,-,2196,-,-,-,2614,-,-,-,2569,-,-,-
3月1日,3822,2925,2618,3370,3645,3412,3336,2780,3264,3435,3250,3072,2653,2098,2973,3279,3120,3128,2230,1917
3月2日,2897,2500,3363,3633,3403,3385,2792,2381,3309,3073,3140,3185,2330,2993,3410,3159,3060,2327,1886,2846
3月3日,2530,3496,3820,3538,3669,2781,2402,3416,3278,3309,3422,2675,3170,3429,3247,3273,2390,1967,2922,3376
3月4日,3311,3538,3406,3181,2932,2401,3115,3354,3081,3026,2565,2209,3308,3098,2938,3062,1983,2865,2967,2834
3月5日,3561,3431,3406,3363,2576,3379,3560,3211,3238,2569,2269,3005,3169,3053,3053,2412,2943,3260,2887,2976
3月6日,3360,3316,3439,2780,3458,3496,3428,3199,2684,2179,3175,3353,3188,3165,2466,2048,3338,2944,2819,2887
3月7日,3263,3337,2937,2480,3668,3345,3304,3276,2342,3072,3310,3146,3205,2474,2103,2948,2965,3019,2797,2251
3月8日,3418,2866,2572,3247,3375,3184,3271,2761,3234,3221,3221,3083,2454,2167,2854,3293,2963,3108,2238,1916
3月9日,2872,2499,3375,3457,3176,3266,2778,2334,3473,3101,3102,3132,2187,3032,3185,3112,2903,2305,1934,2970
3月10日,2507,3397,3574,3374,3372,2680,2571,3239,3381,3172,3138,2402,3105,3262,3146,3080,2269,2018,2908,3119
3月11日,3341,3537,3474,3286,2694,2512,3262,3332,3170,3183,2473,2233,3354,3125,2967,3034,1991,2701,2915,2739
3月12日,3552,3467,3380,3303,2595,3222,3631,3335,3238,2476,2216,3130,3249,3087,2989,2369,2849,3105,2918,2778
3月13日,3247,3250,3199,2699,3341,3469,3225,3112,2624,2116,2892,3206,3049,2973,2388,2101,3096,3039,2764,2812
3月14日,3227,3404,2836,2479,3654,3232,3480,3132,2253,2926,3269,3211,3192,2524,2109,2998,3052,2893,2878,2124
3月15日,3347,2874,2597,3317,3536,3161,3362,2685,3157,3332,3246,3160,2522,2104,2977,3291,2992,2916,2215,1907
3月16日,2794,2456,3181,3591,3315,3458,2805,2357,3455,3040,3185,3129,2128,3119,3277,3051,3100,2260,1896,2815
3月17日,2530,3298,3563,3282,3300,2715,2477,3141,3143,3108,3286,2529,3175,3361,3143,3033,2324,1954,2830,3105
3月18日,3440,3681,3426,3337,2869,2418,3326,3511,3254,3124,2512,2205,3444,3360,3075,3087,1983,3072,3112,2844
3月19日,3493,3367,3163,3415,2557,3306,3620,3377,3140,2504,2262,3097,3171,3143,3202,2332,2887,3189,2899,2897
3月20日,2557,2433,3397,2818,2552,2489,3452,3310,2357,2242,3198,3404,2301,2166,2510,2060,2034,2134,2880,2854
3月21日,3224,3437,2558,2338,3382,3405,2432,2412,2263,2233,2296,2285,3284,2359,2217,2098,2960,2990,1928,2044
3月22日,3551,2844,2487,2543,3645,3544,3220,2568,3075,3026,3162,3157,2593,2166,2109,3009,3097,2952,2028,1998
3月23日,2845,2536,3261,3389,3391,3327,2774,2276,3336,3314,3367,3172,2150,3150,3080,3328,2952,2314,1925,2810
3月24日,2518,3307,3538,3480,3349,2623,2402,3182,3290,3143,3234,2570,3114,3282,3191,3175,2329,1984,2776,3065
3月25日,3389,3321,3412,3377,2743,2420,3151,3386,3154,3191,2562,2265,3331,3164,3159,3010,2027,2920,3047,2908
3月26日,3507,3357,3329,3206,2482,3132,3500,3265,3209,2394,2174,2994,3159,3094,3056,2347,2774,3186,2944,2890
3月27日,3088,3246,3279,2772,3238,3347,3295,3081,2526,2169,3047,3278,3087,3014,2377,2055,3016,2931,2683,2838
3月28日,3246,3121,2682,2468,3595,2992,3147,3175,2189,2954,3176,3096,2958,2323,2176,2879,2851,2782,2770,2147
3月29日,3027,2723,2482,3177,3256,2987,3186,2417,3024,3138,2981,2995,2377,2035,2864,2997,2666,2821,2019,1860
3月30日,2766,2479,3273,3378,3194,3031,2829,2355,3325,2983,2873,2982,2101,2821,2914,2907,2697,2099,1879,2603
3月31日,2456,3038,3276,3098,3023,2534,2430,2961,2785,2788,2900,2341,2677,2724,2698,2685,2138,1814,2446,2812
4月1日,2715,2742,2667,2685,2462,2183,2634,2708,2506,2486,2241,2032,2664,2469,2531,2467,1862,2273,2354,2330
4月2日,4013,3796,3802,3875,2734,3372,3799,3549,3610,2674,2439,3327,3543,3485,3429,2553,3082,3307,3177,3209
4月3日,3534,3685,3671,2964,3332,3622,3542,3474,2772,2248,3413,3455,3452,3068,2571,2050,3292,3232,3065,3386
4月4日,3467,3283,2840,2452,3458,3264,3400,3292,2425,2904,3265,3031,3240,2339,2102,3032,2876,2883,2818,2399
4月5日,3430,2876,2590,3491,3447,3242,3302,2709,3203,3168,3236,3231,2602,2133,3119,3383,2978,3082,2149,1961
4月6日,2823,2486,3387,3643,3372,3344,2747,2339,3422,3224,3175,3163,2164,3050,3322,3089,2985,2287,1813,2988
4月7日,2594,3242,3578,3444,3343,2761,2420,3252,3321,3234,3091,2527,3110,3324,3128,2971,2235,2116,2647,3263
4月8日,3331,3416,3620,3405,2871,2390,3190,3462,3305,3210,2606,2268,3278,3212,3052,3038,1899,3005,3018,3105
4月9日,3495,3267,3305,3259,2519,3118,3343,3138,3166,2498,2275,2984,3043,2923,2983,2316,2709,3011,2730,2776
4月10日,3422,3270,3508,2800,3359,3467,3448,3325,2610,2312,3134,3311,3151,3186,2483,2053,3070,3045,2925,2842
4月11日,3404,3328,2954,2595,3585,3423,3245,3210,2385,2975,3279,3266,3226,2471,2190,3118,3132,2823,3004,2188
4月12日,3296,2780,2556,3415,3455,3357,3320,2641,3084,3273,3265,3274,2589,2244,3080,3206,2968,3101,2135,1952
4月13日,2913,2502,3476,3592,3305,3093,2752,2365,3172,2991,3026,3028,2162,2998,3082,3048,2740,2241,1872,2892
4月14日,2561,3300,3671,3453,3382,2715,2447,3030,3220,2987,3161,2562,2924,3256,3040,3086,2214,2013,2714,3169
4月15日,3523,3561,3517,3292,2903,2467,3346,3230,3197,3088,2508,2196,3100,3048,3060,3032,1991,2968,3174,3071
4月16日,3643,3353,3162,3438,2413,3204,3595,3292,3176,2398,2168,3000,3090,3175,3097,2418,2839,3054,2904,2900
4月17日,3487,3274,3378,2857,3317,3407,3314,3273,2764,2113,3029,3182,3051,3060,2444,2075,3233,2879,2764,2958
4月18日,3399,3331,2845,2523,3478,3352,3237,3443,2365,2995,3342,3118,3095,2529,2052,2994,3040,2982,2703,2233
4月19日,3420,2892,2662,3452,3364,3262,3131,2753,3104,3227,3191,3176,2442,2165,3012,3227,2960,2832,2124,1975
4月20日,2824,2410,3464,3736,3333,3376,2654,2321,3434,2934,3230,3160,2106,3108,3345,3185,2960,2201,1857,2881
4月21日,2513,3368,3746,3540,3460,2794,2453,3055,3335,3086,3175,2523,3034,3345,3151,3120,2345,1862,2736,3283
4月22日,3475,3580,3532,3415,2778,2389,3256,3361,3242,3019,2505,2202,3424,3287,3243,3153,2020,2763,3088,3047
4月23日,3759,3481,3630,3430,2574,3349,3688,3289,3318,2510,2235,3180,3183,3120,3051,2409,3068,3186,2962,3026
4月24日,3535,3434,3445,2907,3392,3601,3460,3257,2551,2219,2954,3275,3217,3103,2424,2075,3159,3152,2915,3072
4月25日,3513,3442,2952,2557,3801,3594,3449,3396,2263,3161,3419,3273,3294,2448,2104,3140,3229,2973,2930,2307
4月26日,3725,2961,2536,3561,3444,3520,3355,2704,3260,3455,3298,3259,2577,2098,3196,3527,3153,3111,2157,1890
4月27日,3064,2677,3518,4031,3354,3496,2869,2383,3798,3379,3314,3300,2224,3276,3600,3559,3213,2280,1897,3291
4月28日,2715,3593,3956,3869,3489,2880,2444,3266,3698,3421,3391,2602,3228,3664,3635,3344,2373,1939,3049,3549
4月29日,2776,2820,2630,2440,2643,2540,2486,2561,2335,2381,2339,2216,2393,2262,2228,2123,2046,2059,2067,2168
4月30日,3570,3591,3627,3742,2535,2524,3506,3338,3540,2711,2277,2248,3441,3361,3558,2463,2047,3196,3086,3297
5月1日,4059,3930,4035,3226,3696,3713,3860,3466,3014,2234,3529,3549,3726,3695,2700,2200,3358,3538,3436,3638
5月2日,3820,3716,3220,2628,4022,3890,3744,3541,2550,3369,4026,3681,3648,2683,2100,3428,3582,3362,3345,2634
5月3日,2747,2796,2836,2762,2792,2703,2654,2589,2389,2345,2411,2467,2331,2201,2238,2332,2215,2061,2079,2127
5月4日,2730,2669,2556,2716,2648,2542,2467,2526,2396,2250,2200,2290,2307,2255,2270,2173,2112,2042,1964,2168
5月5日,2700,2906,2730,2654,2645,2583,2611,2503,2460,2239,2345,2366,2330,2180,2325,2174,2140,2098,2043,2153
5月6日,2656,3678,3432,3524,3028,2584,2508,3348,3300,3243,2670,2388,2267,2281,3264,3274,2109,2139,1942,2043
5月7日,3554,3820,3854,4107,2679,3374,3352,3708,3806,2715,2518,3153,3283,3317,3673,2657,2943,3136,2974,3265
5月8日,4021,3792,3832,3119,3488,3793,3688,3512,2883,2236,3344,3672,3739,3600,2528,2225,3458,3539,3265,3449
5月9日,3710,3630,3171,2762,3844,3713,3676,3319,2493,3205,3445,3369,3455,2714,2180,3225,3157,3160,3199,2367
5月10日,3684,3007,2539,3609,3662,3598,3644,2660,3391,3514,3486,3503,2664,2339,3173,3666,3108,3043,2374,2056
5月11日,3015,2740,3467,3679,3578,3415,2785,2492,3542,3180,3313,3108,2232,3140,3238,3273,3028,2323,2008,3062
5月12日,2737,3624,3676,3564,3428,2826,2466,3232,3307,2996,3205,2492,3049,3270,3125,3037,2278,1945,2999,3373
5月13日,3398,3678,3492,3410,2848,2619,3304,3465,3123,2825,2491,2295,3336,3044,3049,2972,1966,2893,3020,2965
5月14日,3627,3672,3407,3477,2510,3249,3564,3366,3312,2547,2260,2960,3142,3075,3080,2488,2979,3217,3060,2978
5月15日,3552,3676,3642,2993,3415,3650,3598,3439,2690,2119,3234,3471,3261,3154,2495,2056,3212,3074,3033,3212
5月16日,3535,3745,3074,2621,3546,3696,3334,3339,2393,2989,3362,3173,3236,2481,2090,3025,3051,2988,2993,2336
5月17日,3531,3149,2818,3373,3581,3385,3340,2737,3255,3257,3389,3080,2614,2146,3006,3305,3081,2910,2259,1994
5月18日,2989,2704,3507,3768,3346,3364,2788,2326,3435,3126,3268,3252,2277,3070,3332,3069,2980,2182,1985,2922
5月19日,2614,3468,3703,3280,3275,2867,2488,3203,2984,2997,3052,2495,3081,3150,2982,2878,2228,1949,2808,3099
5月20日,3493,3820,3577,3321,2747,2491,3332,3452,3080,3045,2455,2201,3374,3209,3117,2973,1963,2899,3097,3029
5月21日,3632,3469,3477,3513,2484,3372,3606,3293,3248,2428,2299,2998,3137,3152,3167,2462,2954,3148,2818,2862
5月22日,3544,3416,3569,2957,3297,3523,3368,3240,2699,2194,3012,3347,3135,2987,2506,2125,3161,3075,2886,2922
5月23日,3466,3622,3039,2627,3750,3334,3279,3243,2205,2974,3253,3287,3246,2381,2188,2861,3059,2904,2829,2339
5月24日,3574,2917,2557,3408,3513,3425,3338,2679,3081,3194,3237,3156,2559,2126,3011,3148,2968,2780,2231,1954
5月25日,2999,2642,3490,3658,3376,3271,2676,2293,3281,2998,3126,3165,2186,3038,3271,3136,2958,2224,1882,3052
5月26日,2740,3558,3627,3397,3275,2825,2418,3234,3147,2861,3064,2443,3079,3111,3111,3016,2129,1852,2877,3207
5月27日,3659,3664,3493,3246,2752,2491,3286,3374,3097,3102,2425,2244,3264,3009,2956,2907,1960,2888,3124,2927
5月28日,3747,3502,3303,3324,2456,3165,3449,3334,3194,2477,2179,3069,3142,3069,3062,2308,2870,3106,2860,2758
5月29日,3446,3512,3408,2810,3382,3422,3407,3169,2675,2123,3070,3060,2938,2927,2373,2025,3035,2977,2835,2815
5月30日,3503,3526,2911,2609,3667,3472,3223,3125,2402,3099,3318,3160,3081,2402,2127,2913,3008,2918,2889,2219
5月31日,3555,2932,2610,3332,3404,3185,3336,2656,3120,3270,3242,3000,2404,2035,2984,3160,2791,2927,2196,1902
6月1日,3020,2640,3510,3789,3283,3374,2743,2364,3329,3060,3099,2967,2210,3103,3349,3162,3028,2243,1977,3025
6月2日,2615,3644,3711,3490,3336,2730,2491,3181,2980,3106,3126,2593,3088,3221,3284,3035,2216,1926,2858,3149
6月3日,3480,3689,3546,3568,2895,2397,3254,3367,3164,2899,2481,2187,3312,3141,2965,3139,2005,2839,3156,3029
6月4日,3676,3487,3310,3398,2457,3325,3438,3216,3164,2554,2268,3038,3309,2962,2964,2395,2850,3127,2938,2888
6月5日,3560,3442,3488,2925,3236,3710,3374,3101,2560,2096,3109,3375,3031,3162,2352,2206,3122,3119,2825,2894
6月6日,3419,3495,2838,2532,3561,3418,3324,3380,2282,2959,3443,3299,3239,2452,2213,3056,3137,3000,3021,2164
6月7日,3577,2927,2509,3444,3410,3317,3289,2637,3136,3234,3083,3152,2539,2122,3162,3305,2844,3100,2232,1925
6月8日,2963,2732,3501,3639,3443,3358,2749,2340,3333,3081,3245,3218,2176,3043,3455,3300,2832,2323,1887,2931
6月9日,2627,3457,3815,3532,3404,2792,2427,3210,3074,2980,3131,2547,3051,3255,3072,2981,2435,1999,2810,3182
6月10日,3426,3728,3589,3284,2766,2473,3185,3546,3153,3142,2511,2184,3448,3197,3282,3154,2048,2923,3220,3108
6月11日,3827,3552,3428,3393,2312,3279,3571,3267,3168,2615,2235,3074,3263,3151,3200,2541,2966,3165,2897,3048
6月12日,3552,3395,3644,2858,3327,3539,3434,3435,2561,2200,3177,3366,3092,3162,2544,2151,3242,3071,2996,3026
6月13日,3453,3474,3019,2594,3404,3404,3172,3144,2173,3072,3373,3272,2882,2549,2196,3034,3069,2907,2999,2282
6月14日,3573,3042,2592,3449,3401,3271,3247,2796,2983,3248,3263,3168,2465,2245,3047,3340,3066,3027,2233,1959
6月15日,2988,2640,3541,3698,3347,3248,2825,2387,3330,3174,3159,3251,2259,3055,3296,3150,3132,2359,2009,2946
6月16日,2744,3477,3763,3560,3348,2564,2470,3292,3261,3124,3122,2504,3171,3300,3309,3011,2336,2033,3038,3276
6月17日,3534,3834,3553,3420,2798,2447,3348,3454,3095,3127,2652,2303,3402,3063,3217,3050,2004,2963,3174,3022
6月18日,3848,3557,3525,3276,2411,3284,3538,3370,3263,2519,2282,3156,3136,3004,3471,2348,2976,3233,2898,2981
6月19日,3582,3431,3560,2706,3245,3498,3304,3247,2587,2247,3100,3377,3096,3046,2495,2095,3210,3100,2932,2965
6月20日,3542,3608,2942,2480,3816,3467,3475,3302,2371,2934,3570,3234,3244,2490,2238,3074,3193,2995,2916,2167
6月21日,3586,3025,2661,3420,3371,3351,3320,2663,3127,3519,3342,3264,2487,2169,3153,3295,3036,2997,2316,1915
6月22日,3077,2684,3545,3604,3294,3300,2824,2334,3329,3132,3134,3147,2147,3017,3484,3194,2938,2267,1968,3003
6月23日,2575,3578,3678,3451,3368,2855,2460,3197,3188,3000,3130,2452,3004,3349,3329,3219,2285,1952,2861,3169
6月24日,3568,3709,3525,3359,2688,2529,3152,3530,3163,3020,2580,2247,3414,3167,3125,3180,1976,2949,3135,2916
6月25日,3810,3595,3549,3290,2517,3393,3552,3265,3142,2552,2301,3111,3227,3096,3099,2393,2889,3188,3049,3021
6月26日,3533,3669,3618,2735,3386,3667,3394,3221,2463,2181,3120,3307,3189,3127,2445,2177,3366,3060,2937,3016
6月27日,3300,3767,3001,2526,3504,3522,3295,3334,2392,3148,3309,3228,3054,2522,2220,2941,3031,2967,2935,2226
6月28日,3489,2966,2798,3346,3483,3466,3376,2735,3029,3288,3215,3107,2384,2060,3144,3331,2930,3032,2221,1983
6月29日,2964,2602,3561,3625,3205,3362,2881,2264,3306,3102,3151,3227,2223,2864,3338,3049,2892,2439,2006,2830
6月30日,2713,3419,3754,3353,3449,2820,2461,3092,3345,2852,3062,2478,2999,3219,3084,2960,2397,2094,2957,3154
7月1日,3568,3809,3620,3476,3018,2588,3334,3592,3379,3224,2670,2193,3381,3210,3152,3313,2121,3041,3266,3124
7月2日,3807,3601,3660,3515,2618,3293,3663,3311,3293,2448,2347,3131,3275,3210,3296,2345,3006,3290,3189,2990
7月3日,3735,3531,3715,3070,3467,3609,3515,3195,2646,2193,3113,3514,3147,3165,2489,2157,3412,3163,3085,2985
7月4日,3528,3512,3141,2662,3770,3513,3382,3175,2405,2894,3320,3324,3203,2425,2186,3102,3182,2986,3028,2246
7月5日,3667,3190,2646,3335,3509,3499,3515,2804,3189,3250,3324,3163,2562,2258,3144,3353,3110,3117,2354,1983
7月6日,2988,2786,3667,3618,3351,3551,2979,2419,3457,3126,3206,3266,2197,3042,3442,3277,3165,2453,2055,2879
7月7日,2652,3864,4216,3643,3790,2941,2698,3552,3702,3407,3620,2727,3376,3671,3540,3498,2453,2151,3139,3595
7月8日,3561,3764,3693,3402,2854,2525,3426,3578,3333,3218,2594,2299,3388,3338,3169,3239,2045,3075,3207,3079
7月9日,3634,3544,3578,3380,2542,3388,3693,3274,3404,2557,2230,2985,3214,3204,3096,2462,2983,3244,3055,3006
7月10日,3681,3588,3707,3026,3436,3684,3573,3299,2693,2241,3049,3483,3184,3282,2451,2173,3298,3378,3067,2854
7月11日,3575,3487,3025,2697,3705,3532,3406,3494,2343,3076,3427,3377,3215,2569,2244,2990,3328,3119,3039,2267
7月12日,3655,2956,2613,3414,3547,3378,3554,2728,3216,3335,3374,3425,2552,2180,3005,3426,3256,3251,2326,2015
7月13日,3089,2600,3356,3555,3558,3270,2955,2430,3507,3225,3219,3188,2246,3053,3222,3262,3117,2440,2040,3001
7月14日,2697,3436,3705,3603,3481,2960,2461,3195,3502,3144,3397,2507,3210,3350,3307,3302,2477,2081,2912,3315
7月15日,3719,3818,3711,3594,2977,2581,3437,3439,3370,3300,2711,2243,3411,3443,3335,3455,2222,2112,3135,3260
7月16日,3892,3706,3704,3643,2592,3426,3648,3372,3398,2618,2353,2191,3425,3332,3397,2589,2112,3154,3316,3113
7月17日,3782,3749,3651,3011,3563,3914,3385,3533,2901,2284,2336,3448,3470,3508,2563,2263,3350,3400,3223,3239
7月18日,3843,3658,3148,2699,3907,3789,3443,3547,2428,2240,3302,3518,3401,2646,2213,2211,3478,3339,3227,2420
7月19日,3737,3024,2763,3511,3953,3592,3468,2861,2474,3200,3576,3388,2583,2169,2248,3337,3310,3278,2425,2075
7月20日,2911,2823,2814,2797,2758,2626,2541,2436,3434,3579,3442,3477,2230,2298,3347,3566,3304,2458,2064,2099
7月21日,2735,2927,3718,3704,3555,2955,2498,2633,3609,3367,3376,2653,2333,3263,3622,3163,2475,2167,2116,3215
7月22日,3487,3798,4028,3849,3077,2687,3387,3378,3471,3185,2703,2290,3446,3444,3467,3236,2156,3141,3306,3453
7月23日,3866,3870,3814,3575,2739,3529,3759,3790,3424,2592,2389,3194,3676,3323,3423,2494,3086,3346,3615,3229
7月24日,3637,3754,3792,3119,3614,3788,3575,3515,2711,2279,3128,3455,3349,3381,2565,2289,3430,3310,3191,3191
7月25日,3732,3567,3135,2685,3856,3727,3502,3427,2456,3154,3389,3396,3402,2530,2252,3038,3223,3283,3215,2415
7月26日,3558,3200,2727,3614,3534,3521,3468,2834,3297,3354,3367,3291,2600,2226,3240,3440,3206,3153,2515,2125
7月27日,3086,2748,3633,3863,3498,3388,2898,2535,3505,3291,3215,3355,2256,3234,3457,3294,3239,2497,2059,3006
7月28日,2804,3734,4039,3618,3495,2836,2658,3335,3490,3111,3363,2669,3236,3310,3289,3247,2431,2234,2967,3268
7月29日,3598,3728,3751,3440,3018,2502,3351,3648,3319,3168,2847,2379,3542,3313,3211,3157,2170,3151,3252,3006
7月30日,3820,3523,3693,3607,2655,3338,3689,3544,3266,2638,2331,3102,3300,3323,3153,2512,3123,3356,3029,3092
7月31日,3628,3634,3630,2988,3369,3581,3470,3362,2751,2278,3095,3419,3172,3268,2515,2193,3269,3299,3099,3067
8月1日,3704,3782,3118,2722,3826,3627,3468,3385,2306,3177,3602,3419,3354,2626,2302,3109,3300,3333,3159,2335
8月2日,3726,3163,2748,3479,3642,3529,3560,2907,3208,3402,3366,3328,2645,2269,3330,3437,3206,3285,2371,2112
8月3日,3150,2754,3724,3886,3477,3529,2879,2524,3570,3356,3183,3245,2396,3190,3440,3328,3154,2486,2121,3274
8月4日,2645,3609,4020,3546,3546,2952,2537,3414,3390,3196,3345,2517,3122,3421,3326,3223,2402,2175,3028,3329
8月5日,3542,3861,3863,3523,3058,2703,3427,3652,3258,3210,2657,2315,3559,3396,3248,3262,2223,3056,3331,3218
8月6日,3882,3571,3649,3480,2603,3406,3649,3564,3288,2574,2351,3189,3362,3277,3260,2510,3095,3563,3236,3109
8月7日,3650,3605,3743,3060,3586,3863,3572,3587,2765,2273,3310,3582,3467,3330,2611,2158,3435,3365,3164,3146
8月8日,4012,3732,3030,2683,3811,3674,3671,3712,2398,3323,3694,3531,3601,2671,2202,3415,3393,3453,3284,2383
8月9日,3572,3152,2681,3507,3619,3471,3489,2895,3323,3354,3284,3335,2682,2202,3117,3409,3284,3332,2354,2001
8月10日,3095,2707,3704,3958,3652,3607,3004,2508,3588,3366,3373,3430,2254,3226,3770,3541,3268,2494,2114,3139
8月11日,2747,3624,4147,3676,3615,3018,2481,3364,3459,3151,3377,2754,3302,3468,3418,3316,2501,2257,3017,3447
8月12日,3604,3882,3684,3603,3010,2541,3470,3776,3337,3197,2829,2346,3523,3397,3242,3294,2097,3277,3482,3129
8月13日,3665,3597,3408,3156,2602,3226,3410,3184,2995,2455,2229,2969,3228,2871,2817,2486,2873,3217,3064,2717
8月14日,3331,3156,3256,2750,3173,3248,3263,3013,2689,2245,2857,3020,2950,2896,2325,2261,2998,2989,2721,2666
8月15日,3239,3095,2834,2618,3185,3075,3129,2895,2326,2767,2943,2852,2872,2483,2222,2734,2895,2831,2725,2159
8月16日,3317,2859,2695,3314,3415,3395,3242,2564,2993,3207,3126,3122,2446,2182,3031,3237,3058,3093,2414,2035
8月17日,3153,2669,3507,3651,3534,3610,2947,2542,3639,3254,3298,3392,2228,3091,3376,3395,3349,2756,2159,3066
8月18日,2709,3467,4025,3736,3682,3104,2709,3340,3317,3224,3464,2693,3224,3527,3373,3440,2405,2251,3129,3340
8月19日,3601,3902,3733,3599,3013,2616,3387,3600,3189,3220,2739,2237,3570,3393,3232,3232,2149,3151,3256,3110
8月20日,3891,3637,3644,3567,2591,3485,3698,3560,3390,2482,2346,3201,3479,3354,3388,2458,3134,3520,3257,3170
8月21日,3581,3504,3743,2974,3422,3755,3466,3391,2615,2344,3149,3367,3366,3342,2412,2147,3386,3291,3041,3083
8月22日,3442,3633,3033,2617,3773,3426,3553,3322,2285,3117,3443,3252,3267,2477,2149,3029,3297,3232,3113,2297
8月23日,3471,3025,2598,3465,3582,3560,3270,2793,3022,3416,3177,3261,2584,2248,3149,3405,3115,3167,2291,2022
8月24日,3090,2646,3602,3758,3476,3463,2889,2370,3425,3129,3167,3158,2217,3109,3400,3172,3062,2463,2156,3013
8月25日,2623,3516,3845,3480,3530,2947,2560,3230,3242,3039,3207,2583,3207,3323,3173,3229,2395,2106,3007,3235
8月26日,3415,3671,3599,3488,2868,2585,3383,3533,3171,3040,2597,2256,3447,3196,3123,3190,2137,3023,3289,3024
8月27日,3795,3459,3535,3428,2587,3345,3652,3332,3160,2515,2295,3172,3359,3099,3117,2537,3051,3291,3134,2982
8月28日,3587,3383,3457,2960,3404,3707,3535,3267,2675,2129,3153,3360,3215,3172,2428,2103,3311,3204,3052,2940
8月29日,3310,3403,2806,2567,3668,3474,3321,3063,2274,3006,3317,3363,3141,2537,2211,2879,3088,2991,2892,2177
8月30日,3340,2756,2530,3429,3465,3402,3341,2701,2974,3248,3176,3193,2450,2120,2957,3006,2906,3062,2377,1952
8月31日,2943,2568,3343,3526,3291,3402,2813,2393,3246,3039,3146,3045,2203,2900,3318,3124,2939,2404,1994,2734
9月1日,2703,3400,3651,3446,3643,2918,2492,3132,3382,3154,3122,2472,3218,3281,3337,3312,2428,2089,3038,3269
9月2日,3435,3733,3496,3450,3046,2616,3428,3535,3144,3189,2453,2253,3329,3276,3257,3154,2121,3050,3234,3118
9月3日,3646,3456,3494,3442,2674,3507,3646,3311,3150,2537,2292,3132,3365,3233,3160,2574,3182,3365,3285,3047
9月4日,3327,3321,3366,2829,3378,3631,3349,3107,2599,2215,3066,3345,3232,2995,2381,2194,3279,3116,2946,2948
9月5日,3549,3565,3087,2601,3611,3555,3352,3307,2341,2958,3414,3260,3240,2561,2193,3124,3159,3080,3172,2294
9月6日,3472,2835,2599,3350,3471,3498,3494,2701,3003,3195,3324,3155,2575,2262,3005,3326,3177,3113,2325,1978
9月7日,3039,2562,3425,3704,3547,3521,2707,2386,3574,3272,3229,3419,2252,3193,3498,3336,3073,2479,1950,2944
9月8日,2633,3484,3976,3577,3482,2820,2509,3139,3344,3178,3156,2597,3200,3436,3196,3186,2411,2221,3158,3292
9月9日,3514,3754,3664,3460,2978,2704,3315,3603,3392,3252,2686,2315,3594,3412,3162,3188,2144,3139,3481,3143
9月10日,3821,3500,3609,3521,2613,3701,3763,3429,3493,2641,2317,3269,3489,3295,3203,2550,3172,3617,3403,2989
9月11日,3731,3598,3880,2996,3610,3802,3532,3355,2649,2337,3260,3463,3472,3316,2634,2150,3443,3361,3186,3017
9月12日,3738,3601,3000,2581,3944,3632,3575,3546,2342,3195,3544,3359,3578,2617,2219,3252,3373,3386,3273,2411
9月13日,3634,2959,2730,3693,3855,3602,3460,2852,3369,3439,3331,3271,2701,2300,3179,3546,3255,3294,2410,1994
9月14日,3034,2541,3753,3900,3639,3741,2935,2476,3640,3414,3394,3521,2396,3255,3528,3443,3376,2610,2244,3127
9月15日,2783,2607,2997,2794,2953,2810,2602,2540,3605,3476,3601,2791,2448,3683,3427,3473,2651,2293,2276,3592
9月16日,2906,3436,3879,3425,3137,2621,2653,3433,3535,3425,2781,2373,3467,3557,3301,3507,2303,2363,3394,3474
9月17日,3807,3935,3945,3662,2746,3613,3768,3622,3618,2734,2480,2464,3882,3720,3462,2643,2220,3346,3588,3429
9月18日,3972,3903,3866,3168,3737,4165,3947,3742,2982,2482,2477,3518,3848,3778,2690,2379,3455,3688,3500,3639
9月19日,3908,3657,3295,2677,4097,3874,3711,3629,2547,2452,3533,3783,3612,2821,2336,2351,3774,3560,3538,2567
9月20日,4080,3053,2772,3699,3959,3773,3742,2853,2604,3484,3697,3732,2938,2407,2378,3552,3592,3781,2638,2224
9月21日,3292,2597,3940,4002,3753,3933,3136,2548,3753,3790,3627,3737,2506,2415,3617,3986,3547,2725,2262,2147
9月22日,2958,3528,4236,3656,3830,3137,2788,3453,3877,3626,3528,2953,3409,2449,3833,3622,2490,2387,3372,2229
9月23日,2916,2907,2997,2804,2826,2725,2720,2625,2639,2602,2554,2574,2553,2504,2596,2523,2320,2352,2544,2267
9月24日,3934,3594,3811,3516,2769,2868,3673,3434,3608,2802,2487,2501,3583,3417,3482,2613,3258,3426,3415,3411
9月25日,4137,3715,3935,3246,3761,3915,4068,3575,3209,2518,3413,3619,3683,3767,2824,2417,3672,3741,3609,3616
9月26日,3845,3741,3283,2725,4051,4230,3788,3535,2585,3470,3563,3770,3680,2915,2474,3290,3333,3583,3436,2713
9月27日,3803,2943,2783,3646,3733,3980,3672,2889,3394,3651,3393,3544,2711,2486,3396,3608,3278,3452,2676,2337
9月28日,3283,2711,3678,3868,3618,3874,3007,2486,3684,3515,3412,3588,2371,3279,3612,3519,3401,2599,2297,3246
9月29日,2838,3511,3907,3501,3606,3071,2817,3368,3536,3366,3324,2762,3288,3448,3437,3378,2568,2286,3276,3325
9月30日,3704,3788,3641,3381,3064,2782,3612,3562,3349,3336,2679,2406,3498,2997,3287,3301,2303,3116,3383,3045
10月1日,4002,3571,3687,3572,2661,3635,3847,3502,3421,2639,2504,3432,3485,3673,3487,2646,3340,3568,3330,3109
10月2日,3796,3479,3789,2875,3652,4083,3646,3453,2818,2511,3423,3557,3401,3556,2688,2217,3527,3444,3166,3151
10月3日,3664,3432,3153,2630,3942,3911,3556,3339,2474,3277,3745,3503,3373,2761,2428,3237,3360,3221,3256,2417
10月4日,3598,3016,2695,3267,3674,3639,3474,2796,3121,3458,3562,3476,2633,2261,3294,3388,3285,3177,2480,2054
10月5日,3091,2562,3588,3599,3470,3788,2932,2436,3568,3438,3440,3467,2304,3323,3709,3368,3276,2427,2086,3021
10月6日,2754,3380,3981,3446,3684,2959,2640,3335,3422,3265,3470,2740,3289,3451,3325,3234,2497,2219,3037,3184
10月7日,3693,3654,3640,3654,2973,2656,3320,3471,3255,3426,2695,2396,3628,3330,3151,3305,2130,3202,3238,3069
10月8日,4030,3545,3525,3394,2543,2655,3548,3426,3318,2584,2268,2366,3300,3297,3342,2511,2060,3404,3180,3125
10月9日,3598,3437,3386,2739,2689,3578,3294,3268,2626,2402,2326,3370,3236,3249,2523,2182,3226,3186,3097,3010
10月10日,2736,2707,2776,2340,3609,4047,3425,3563,2423,2243,3256,3607,3376,2641,2274,2190,3562,3244,3392,2452
10月11日,3625,2916,2710,2491,3784,3718,3466,2616,2321,3248,3519,3489,2720,2260,2336,3285,3256,3201,2332,2019
10月12日,3157,2614,3418,3429,3675,3589,2718,2441,3362,3454,3378,3381,2207,2259,3300,3413,3116,2446,2028,1953
10月13日,2705,3281,3606,3582,3303,2897,2453,2400,3423,3178,3162,2599,2233,3179,3504,3105,2293,2066,2051,3024
10月14日,3578,3654,3549,3322,2716,2495,2460,3137,3207,3375,2540,2292,3214,3459,3333,3244,2071,2060,3141,3071
10月15日,3729,3410,3501,3345,2526,3379,3438,3409,3225,2490,2252,3171,3404,3172,3340,2451,2970,3310,3246,3120
10月16日,3495,3322,3511,2674,3303,3649,3562,3437,2552,2246,3187,3398,3369,3237,2509,2128,3229,3362,3119,2960
10月17日,3445,3378,2769,2327,3528,3468,3391,3298,2239,3144,3407,3310,3332,2470,2110,3085,3072,3086,3080,2279
10月18日,3504,2852,2518,3104,3506,3397,3251,2657,3197,3235,3236,3244,2564,2246,3161,3187,3080,3046,2248,1997
10月19日,2792,2450,3347,3494,3322,3425,2779,2259,3448,3132,3089,3329,2253,3101,3298,3117,3038,2412,2036,2980
10月20日,2640,3411,3625,3412,3518,2874,2312,3072,3213,3242,3268,2615,3101,3405,3328,3130,2353,2080,3022,3221
10月21日,3307,3624,3216,3251,2890,2509,3147,3475,3040,3140,2550,2212,3445,3193,3115,3154,2042,3039,3211,3035
10月22日,3605,3575,3264,3178,2445,3438,3393,3250,3317,2517,2236,3252,3305,3028,3331,2403,3013,3275,3083,2974
10月23日,3497,3283,3340,2704,3340,3623,3229,3188,2582,2203,3011,3507,3133,3152,2507,2140,3400,3178,3011,2917
10月24日,3395,3272,2767,2364,3665,3415,3119,3101,2163,2968,3342,3210,3197,2562,2216,2922,3174,2975,3118,2193
10月25日,3393,2735,2541,3198,3371,3381,3215,2547,3081,3323,3271,3239,2485,2176,3118,3297,3105,3166,2301,1961
10月26日,2906,2552,3333,3371,3408,3307,2694,2490,3260,2958,3045,3184,2219,3132,3388,3134,3101,2418,1991,2919
10月27日,2623,3380,3401,3355,3225,2858,2251,3185,3082,2981,3102,2563,3160,3324,3139,3031,2286,2199,2961,3317
10月28日,3551,3671,3340,3158,2754,2518,3212,3375,3187,2973,2563,2377,3396,3252,3172,3108,2205,2974,3175,3122
10月29日,3717,3411,3328,3352,2565,3402,3363,3286,3128,2582,2258,3110,3289,3090,3127,2405,2983,3166,3009,2953
10月30日,3492,3447,3317,2752,3358,3540,3209,3365,2666,2169,3143,3449,3265,3170,2527,2112,3306,3046,3012,2944
10月31日,3516,3308,2807,2402,3653,3475,3242,3276,2324,2969,3276,3221,3314,2588,2190,3051,3082,3070,3155,2274
11月1日,3593,2954,2496,3473,3698,3493,3389,2788,3434,3516,3410,3432,2740,2193,3441,3669,3157,3170,2422,1927
11月2日,3074,2590,3511,3570,3479,3421,2774,2412,3441,3293,3260,3237,2333,3337,3568,3245,3164,2361,2094,3022
11月3日,2719,2569,2602,2495,2564,2627,2471,2389,2490,2245,2312,2387,2264,2291,2296,2163,2165,2096,2010,2134
11月4日,2659,3512,3444,3293,2932,2572,2403,3256,3186,3055,2587,2310,3176,3262,3085,3159,2117,2132,3177,3066
11月5日,3546,3789,3651,3438,2575,3377,3272,3553,3503,2650,2340,3200,3532,3392,3354,2585,3140,3154,3345,3330
11月6日,3770,3392,3302,2960,3408,3654,3580,3318,2709,2324,3219,3456,3373,3146,2566,2200,3390,3274,3010,3064
11月7日,3533,3488,2843,2435,3665,3546,3358,3427,2304,3037,3498,3313,3361,2601,2233,3090,3266,3230,3188,2294
11月8日,3438,2897,2571,3236,3524,3210,3381,2694,3197,3142,3333,3286,2572,2224,3148,3318,3081,3062,2322,2056
11月9日,2990,2539,3335,3438,3283,3368,2663,2292,3445,3027,3161,3162,2150,3143,3378,3076,2984,2237,2046,2948
11月10日,2739,3412,3697,3211,3406,2713,2410,3072,3355,2963,3168,2619,3085,3286,3248,3096,2446,2023,2941,3248
11月11日,3453,3625,3390,3652,2890,2556,3244,3425,3258,3168,2526,2260,3516,3236,3179,3426,2118,3048,3319,3247
11月12日,3651,3398,3285,3266,2573,3541,3468,3204,3195,2424,2231,3012,3362,3050,3161,2399,2988,3168,2998,2877
11月13日,3432,3260,3235,2722,3386,3494,3123,3234,2540,2138,3239,3456,3146,2970,2457,2074,3158,3067,2936,2897
11月14日,3312,3351,2833,2446,3568,3349,3109,3220,2339,2908,3414,3188,3048,2437,2165,3038,3042,3072,2936,2258
11月15日,3441,2921,2516,3234,3552,3200,3225,2549,3152,3251,3381,3263,2599,2209,2953,3313,3198,3061,2268,1941
11月16日,2858,2496,3376,3535,3487,3330,2573,2300,3455,2968,3213,3121,2176,3052,3398,3041,3057,2301,1984,2943
11月17日,2555,3493,3666,3251,3329,2743,2455,3222,3169,2801,3302,2562,3216,3195,3148,3010,2310,1945,2887,3232
11月18日,3502,3497,3391,3336,2784,2564,3193,3242,3138,2822,2496,2254,3410,3230,3283,3040,2077,2936,3120,2956
11月19日,3651,3482,3271,3327,2570,3246,3265,3254,3198,2417,2266,3065,3150,3127,3213,2315,2994,3152,3016,2985
11月20日,3403,3443,3612,2785,3445,3717,3308,3328,2617,2107,3321,3559,3311,3261,2515,2103,3339,3084,3085,3064
11月21日,3412,3443,2816,2395,3776,3432,3253,3384,2182,2995,3577,3285,3200,2528,2082,3029,3407,2974,3054,2234
11月22日,3455,3004,2521,3424,3495,3492,3293,2697,3249,3199,3466,3393,2594,2132,3313,3392,3113,3095,2380,2016
11月23日,2620,2553,2491,2591,2489,2449,2308,2374,2531,2200,2354,2203,2205,2181,2369,2080,2090,2048,1951,1932
11月24日,2516,2630,3361,3353,3290,2762,2369,2228,3145,2968,3095,2464,2187,3138,3234,2890,2344,1967,1958,2928
11月25日,3337,3395,3521,3448,2911,2478,3144,3285,3407,3059,2584,2226,3250,3334,3378,2956,2037,2969,3148,3132
11月26日,3598,3605,3390,3347,2459,3135,3356,3404,3277,2339,2257,3156,3416,3173,3213,2291,2912,3265,3185,2955
11月27日,3271,3351,3208,2643,3404,3525,3264,3206,2716,2047,3140,3280,3233,3131,2444,2050,3395,3092,3070,2982
11月28日,3340,3351,2768,2521,3687,3347,3171,3207,2319,2900,3503,3196,3227,2441,2118,2787,3159,2967,3021,2208
11月29日,3199,2915,2568,3306,3460,3154,3059,2655,3014,3059,3232,3219,2382,2143,3063,3072,2994,2890,2172,1935
11月30日,2836,2532,3336,3464,3318,3155,2519,2463,3256,2968,3168,3125,2174,2909,3222,2760,2935,2286,1950,2848
12月1日,2543,3459,3576,3426,3322,2716,2425,3197,3206,2930,3159,2500,3140,3258,3165,3001,2259,1976,2887,3129
12月2日,3357,3501,3439,3221,2788,2413,3221,3290,2988,2938,2527,2193,3293,3268,3096,2902,2039,2937,3117,2861
12月3日,3676,3368,3310,3448,2425,3148,3503,3239,3263,2433,2157,3189,3259,3196,3264,2240,3072,3297,3048,2979
12月4日,3432,3293,3312,2764,3465,3541,3184,3151,2568,2174,3160,3338,3158,3110,2498,2018,3181,2994,2853,2884
12月5日,3410,3307,2966,2429,3632,3401,3265,3261,2276,2945,3349,3213,3132,2419,2157,2811,3142,3027,3005,2218
12月6日,3494,2982,2483,3309,3393,3255,3247,2645,3174,3083,3289,3184,2432,2272,3080,3003,3003,3025,2238,1975
12月7日,2810,2634,3340,3655,3367,3195,2567,2409,3464,2972,3284,3031,2141,3185,3282,2994,2977,2262,2008,2875
12月8日,2494,3517,3524,3380,3229,2678,2328,3147,3146,2978,3107,2475,3055,3311,3098,2808,2354,1994,2928,3069
12月9日,3401,3449,3365,3290,2817,2356,3084,3342,3156,2877,2506,2176,3292,3062,3039,2751,1970,2985,3188,2876
12月10日,3513,3434,3263,3335,2476,3186,3541,3286,3280,2452,2252,3080,3250,3138,3162,2310,2939,3223,3020,2917
12月11日,3517,3335,3417,2854,3407,3495,3202,3085,2508,2131,3151,3303,3241,3164,2378,2009,3216,2971,2917,3001
12月12日,3399,3496,2811,2585,4139,3445,3359,3458,2251,3048,3507,3410,3221,2524,2152,2924,3272,3191,3048,2249
12月13日,3136,2850,2611,3440,3260,3316,3189,2599,3068,3205,3237,3141,2464,2215,3089,3032,2945,2927,2275,1862
12月14日,2783,2484,3506,3615,3412,3245,2645,2259,3202,3109,3108,3080,2169,2935,3240,2937,2915,2238,1964,2801
12月15日,2538,3524,3677,3471,3381,2703,2384,3213,3180,3029,3197,2492,3083,3346,3118,3003,2263,2076,2993,3152
12月16日,3393,3718,3411,3292,2769,2371,3231,3474,3235,2999,2524,2236,3283,3219,3081,3085,2054,2986,3256,3061
12月17日,3689,3390,3439,3324,2497,3343,3486,3306,3188,2524,2240,3188,3379,3284,2978,2325,2942,3272,3144,2992
12月18日,3389,3542,3497,2920,3473,3614,3323,3338,2579,2207,3250,3497,3318,3219,2508,1972,3326,3194,3131,3025
12月19日,3312,3542,2913,2513,3620,3382,3380,3349,2262,3073,3330,3368,3392,2495,2112,3090,3105,3156,3109,2258
12月20日,3502,2937,2509,3576,3673,3346,3436,2725,3303,3408,3459,3381,2586,2169,3242,3458,3123,3230,2291,1954
12月21日,2890,2450,3761,3822,3519,3651,2838,2391,3730,3392,3268,3439,2217,3402,3674,3269,3392,2337,2099,3213
12月22日,2539,3542,3995,3667,3486,2796,2433,3482,3473,3334,3320,2669,3497,3680,3415,3298,2379,2045,3304,3443
12月23日,2579,2630,2605,2466,2732,2470,2404,2508,2470,2262,2226,2224,2438,2298,2216,2234,2025,2050,2124,2023
12月24日,3923,3959,3838,3768,2625,2527,3700,3810,3693,2471,2299,2213,3678,3622,3543,2378,2072,3536,3392,3475
12月25日,4146,4030,4146,3218,3647,3886,4015,3990,2927,2290,3535,3673,3961,3879,2763,2189,3546,3737,3748,3679
12月26日,3885,3683,3027,2462,3912,3856,3678,3708,2262,3389,3715,3789,3725,2681,2104,3395,3668,3482,3583,2372
12月27日,3571,3020,2436,3496,3629,3512,3454,2765,3559,3614,3565,3543,2731,2152,3575,3663,3515,3470,2423,1838
12月28日,3079,2522,3730,3656,3316,3363,2849,2251,3660,3273,3303,3286,2214,3467,3639,3239,3152,2523,1895,3288
12月29日,2482,3164,3249,3042,2839,2647,2391,2962,2857,2699,2665,2479,2870,3014,2788,2628,2305,1995,2680,2788
12月30日,2805,2936,2734,2678,2507,2383,2715,2633,2450,2386,2382,2195,2555,2437,2357,2250,2007,2206,2372,2127
12月31日,2601,2568,2589,2465,2468,2482,2511,2306,2336,2154,2163,2119,2152,2159,2056,2027,1949,2012,2003,1915
